{
	"RETURN_PRESETS" : 	{
		"ephem" : 		{
			"EPHEM RETURN 1" : 			{
				"Key 1" : 0.667456567287,
				"Key 2" : 0.667456567287,
				"Pad" : 0.594942212105
			}
		}
	}
}
